Name,Age,Gender,City
John,25,Male,New York
Emma,32,Female,Los Angeles
Adam,27,Male,Chicago
Emily,29,Female,New York
Michael,35,Male,Chicago
Sophia,28,Female,Los Angeles
Daniel,31,Male,Miami
Olivia,26,Female,Houston
Jacob,33,Male,New York
Ava,24,Female,Los Angeles
Matthew,30,Male,Chicago
Isabella,27,Female,Miami
William,29,Male,New York
Mia,34,Female,Los Angeles
James,28,Male,Chicago
Charlotte,25,Female,Miami
Benjamin,32,Male,New York
Amelia,30,Female,Los Angeles
David,26,Male,Houston
Elizabeth,31,Female,Chicago
